Book_Id,0,1,2,3,4,5,6,7,8,9,10,11,12,13,14,15,16,17,18,19
pg1032,-0.002637,-0.0061,-0.002266,0.000579,-0.00237,-0.002075,0.005635,-0.001637,0.016987,-0.00473,-0.001999,-0.001427,-0.009251,-0.004474,0.000451,0.019213,-0.008649,-0.001123,0.004099,0.001774
pg105,0.001325,0.000449,0.007277,0.003853,-0.00545,-0.003157,-0.005441,-0.001295,-0.001142,-0.003703,-0.003171,0.008609,-0.006273,0.001423,0.002735,-0.003987,0.008421,-0.000929,0.001719,-0.001262
pg108,-0.003724,0.001543,0.015403,-0.003127,0.013772,0.016327,0.006993,-0.013605,0.002868,-0.007739,-0.008312,0.002433,-0.005697,0.000436,-0.007634,0.003107,-0.004841,-0.000422,-0.008826,0.001045
pg1086,-0.003933,-0.004163,0.013955,-0.008765,-0.004943,0.016734,0.015789,0.005576,0.004376,0.004165,-0.004552,-0.00435,-0.003739,-0.003104,-0.008257,-0.006395,-0.004141,-0.001054,-0.004555,0.001356
pg11,-0.000072,-0.010553,0.013335,-0.003555,0.011865,0.01506,0.012191,-0.007073,-0.005062,0.005822,-0.00641,0.001015,-0.008282,0.000565,-0.006574,-0.000753,-0.007785,0.002582,-0.003207,-0.00311
pg1155,0.003916,-0.006108,0.017653,-0.018156,0.019258,0.021073,0.004478,-0.001068,-0.005375,-0.000058,-0.011844,0.003673,-0.000635,-0.000526,-0.007772,-0.000586,-0.010451,0.001695,-0.009228,0.000062
pg1190,-0.000754,0.008736,0.016082,0.021057,0.023148,-0.018021,-0.008493,-0.002893,-0.006131,-0.000709,-0.00865,-0.001481,-0.008788,-0.003741,-0.001785,-0.002203,-0.003762,-0.002037,-0.000867,0.001292
pg1193,0.005853,0.017744,0.020154,0.007801,0.017803,-0.015736,-0.00859,0.003482,-0.00702,0.006785,-0.007234,0.005077,-0.007086,-0.009504,-0.006556,-0.005181,-0.009087,-0.004654,0.001764,-0.005813
pg12,-0.001454,0.021759,0.026377,-0.005736,-0.01504,-0.012808,0.00765,0.001875,-0.00632,-0.004978,0.00604,0.001423,-0.006699,-0.000171,-0.005658,0.000053,0.000964,-0.010732,-0.005861,0.009313
pg1204,-0.002745,0.023552,0.029918,0.007613,0.01245,-0.019905,-0.012207,0.001289,-0.003003,0.002383,-0.009006,-0.00529,-0.003118,-0.002005,-0.005453,-0.009187,0.000283,0.001979,-0.007119,-0.000428
pg1218,-0.021327,-0.016789,0.031516,0.004434,0.001714,-0.00651,-0.004816,-0.013759,-0.000992,-0.001567,-0.001265,0.00255,0.003186,-0.005045,0.011245,-0.009724,-0.006844,0.026995,-0.012417,0.019416
pg1253,0.014,0.02302,0.036954,-0.017378,-0.002311,0.006682,-0.010179,0.011906,-0.001245,-0.004837,0.008053,0.009527,0.000767,-0.011393,-0.006268,0.000223,-0.02147,-0.018659,-0.0183,0.00091
pg1273,0.01796,-0.015153,0.027584,0.020809,-0.002021,-0.004317,0.001043,0.00278,-0.003251,0.007519,0.013716,-0.018712,-0.008668,0.011454,-0.013475,-0.008271,-0.017,-0.015503,-0.015886,0.019394
pg1314,0.028593,0.014384,-0.021969,0.026626,-0.00155,-0.009085,-0.013189,-0.008718,-0.013615,-0.002483,0.001981,0.009655,0.002112,-0.009221,-0.001545,-0.022609,0.024226,-0.000563,-0.005044,0.002013
pg1342,0.028232,0.009114,-0.001038,0.025053,0.000885,-0.024462,-0.014289,0.005042,0.027976,-0.00379,0.000576,0.016369,-0.021683,-0.010613,-0.012165,0.00579,-0.017846,-0.000359,0.009352,-0.022144
pg1392,0.027363,-0.02109,-0.01701,0.005109,0.002398,-0.005679,-0.018952,0.001719,0.02726,0.000634,-0.022914,0.000994,-0.004171,0.00057,0.017468,0.038563,-0.00991,-0.001504,-0.001531,-0.019315
pg1400,0.037354,0.007095,0.0084,-0.011182,0.018721,-0.002652,-0.004519,-0.001728,-0.032013,-0.010363,0.008253,-0.01835,-0.004188,-0.021457,-0.005807,0.033514,-0.007734,0.024147,-0.018466,0.000978
pg141,-0.013585,0.036191,-0.011268,0.001404,0.000091,-0.020802,0.005137,-0.012078,-0.020333,-0.002438,-0.024992,-0.010217,0.032445,-0.005275,-0.008679,-0.015881,0.009342,0.027853,0.031842,0.001243
pg1422,0.034894,0.039291,-0.009906,0.002313,-0.008374,-0.016722,0.009821,-0.009444,-0.022761,-0.004509,-0.005826,-0.002483,0.007859,-0.013634,-0.008646,0.012938,-0.02762,0.01816,0.03056,-0.025912
pg1442,0.043499,-0.013014,0.016996,-0.01663,-0.016155,-0.014918,-0.02839,-0.004084,0.009451,0.005811,0.009483,-0.006634,0.016869,0.042107,-0.018913,-0.001463,-0.014387,-0.018539,-0.018452,0.027365
pg158,-0.03496,-0.027305,0.002136,0.016969,0.011158,0.042634,-0.024818,0.020226,-0.028038,-0.016191,0.029895,-0.009111,-0.023493,0.009935,0.023872,-0.019125,0.005246,-0.007322,0.039001,-0.010711
pg161,0.002767,0.050128,-0.004851,-0.008133,-0.003676,-0.00088,-0.015682,0.00746,-0.011439,-0.004616,0.00267,-0.020387,-0.020906,0.000876,0.046025,-0.019957,-0.037908,-0.01319,0.043001,0.008699
pg1634,-0.023083,0.041855,-0.011639,-0.000036,-0.003307,-0.020222,-0.039094,-0.017397,-0.007992,0.011025,0.019813,-0.001328,-0.015934,0.009033,0.003621,-0.038314,0.041737,0.010899,0.035878,0.004484
pg1651,0.049173,0.008193,0.00581,-0.0088,0.012725,-0.008252,0.025897,0.017393,-0.015003,-0.032132,-0.002775,0.004226,-0.018886,0.039563,-0.00895,-0.031335,-0.039144,0.019875,-0.008847,-0.00873
pg1699,-0.013887,-0.034671,0.018252,-0.02115,-0.016785,-0.006037,0.000809,-0.006136,-0.040702,0.025457,0.014736,-0.009828,-0.023052,0.030839,0.055689,0.036065,-0.004679,0.011787,0.009619,-0.026327
pg1747,-0.036516,0.014243,-0.015071,-0.021192,-0.026127,0.002426,0.001204,-0.001693,0.041605,-0.026786,-0.019623,0.007771,0.010035,-0.024725,0.028551,0.052632,0.019606,0.011544,-0.003663,-0.014221
pg1748,0.028079,0.041098,-0.012766,0.006617,0.034665,-0.027388,0.032196,-0.004203,0.021957,0.012906,-0.027208,0.011689,-0.031212,0.027241,-0.009572,-0.040287,-0.019544,-0.018736,-0.016595,-0.008937
pg1809,-0.027712,0.033432,-0.008608,-0.014366,-0.026385,-0.026332,-0.009818,-0.022949,0.003949,0.021471,0.041762,0.025965,0.061573,-0.023022,0.001966,0.02009,-0.013846,-0.026048,-0.022882,0.011759
pg1832,0.053588,0.013577,-0.014728,0.000051,0.014174,0.036434,-0.006289,-0.003437,0.038741,-0.027374,-0.023895,0.034254,-0.050136,0.005533,-0.021046,-0.033843,-0.008817,-0.023622,0.018407,-0.001571
pg1833,-0.007491,0.050395,-0.022867,-0.039406,-0.004102,0.007542,-0.02008,0.00664,-0.027072,0.032102,0.034682,-0.00089,0.056864,-0.002032,0.018299,-0.003386,-0.013374,-0.026421,-0.01486,-0.024544
pg1834,0.031585,0.05042,-0.023024,-0.026938,-0.017712,0.024965,-0.025191,-0.015568,-0.000918,0.011125,0.044143,-0.007786,0.047586,-0.037119,-0.011777,0.015255,-0.015244,-0.020097,-0.029448,0.005743
pg1835,0.017957,0.048898,-0.033325,-0.038468,-0.000667,0.003557,0.011438,-0.032664,0.004691,0.028127,0.010693,-0.014285,0.059698,-0.017509,-0.023812,0.012187,-0.005501,-0.000269,-0.041172,0.010426
pg1836,0.038122,0.036366,-0.019401,-0.024794,0.000794,-0.018093,-0.018054,0.015323,0.00999,-0.02706,0.013613,0.028494,0.05013,-0.028221,-0.013424,-0.004846,-0.013343,0.021703,-0.048427,0.001128
pg1846,-0.029081,0.059202,0.008743,-0.022964,0.009908,0.025959,0.012778,-0.005743,-0.013676,0.002481,-0.004454,-0.018152,0.073991,0.010853,-0.014985,-0.020989,-0.004312,-0.017874,-0.038913,-0.012774
pg1849,0.043057,0.034964,-0.02122,-0.015931,0.02371,-0.031269,0.008297,0.014098,-0.038606,-0.010489,0.023506,-0.032944,-0.0391,0.032917,-0.009953,0.000325,0.012015,0.033145,-0.001707,-0.024816
pg1851,0.002541,0.056288,0.009502,-0.025927,-0.004356,0.031349,0.062342,-0.022766,-0.046686,-0.019919,-0.02279,-0.030192,0.00255,-0.008446,0.000612,0.006321,-0.017739,0.004016,0.014025,0.009275
pg1857,-0.040231,-0.022716,0.016913,-0.009586,0.009139,-0.02913,0.03346,0.015642,-0.036827,-0.035508,0.053915,-0.02689,0.001948,0.033631,-0.01327,0.038956,-0.013984,0.007372,-0.011063,0.028229
pg1875,-0.017103,0.041588,0.013262,0.008895,0.065757,0.000739,-0.032553,-0.028154,-0.026154,0.048285,-0.03722,-0.032946,-0.008878,-0.009096,0.017671,-0.007198,0.012432,0.017033,0.012785,-0.039146
pg1878,-0.014281,0.072374,0.008703,-0.017339,-0.040828,-0.01921,0.010248,0.004489,0.064501,-0.011972,0.033784,0.016183,-0.021782,-0.018416,-0.036132,-0.004928,0.001485,-0.016739,-0.005697,-0.004443
pg1888,0.056303,-0.039074,-0.018556,0.001613,0.015166,0.043979,-0.012994,-0.012015,-0.039271,-0.011879,-0.005702,-0.043725,0.004524,0.011532,-0.035856,0.006595,0.023646,0.030057,0.012741,0.012918
pg1897,-0.03498,-0.049362,0.000249,0.006401,-0.012841,0.033013,0.00681,-0.010026,0.067364,-0.021029,0.019703,0.053363,-0.003932,-0.003815,-0.045113,0.011476,-0.014866,0.000482,0.017607,-0.020504
pg1960,-0.056818,-0.007964,0.019897,-0.01597,-0.034444,0.058971,-0.021398,-0.008869,0.028866,0.031191,0.064824,0.019186,-0.006152,-0.007033,0.01386,-0.033536,-0.008817,0.001029,0.000183,-0.037005
pg1963,-0.017905,0.058056,-0.013467,-0.018043,-0.001131,0.012131,0.000004,0.035725,0.061138,0.011687,0.063209,-0.028963,-0.009188,0.004905,-0.025221,-0.02915,-0.032218,-0.009615,-0.025222,-0.036732
pg1987,-0.033303,-0.053421,0.021062,0.009505,-0.045721,-0.011835,0.007374,0.0168,-0.051747,0.068653,0.030636,0.010606,0.028273,-0.011076,-0.019048,-0.032541,0.052556,0.005718,0.009918,-0.002408
pg2097,0.061948,0.032776,0.017609,-0.028253,-0.001211,-0.005526,-0.001303,-0.005108,-0.042323,0.06374,-0.030214,-0.013834,-0.013893,-0.019533,0.003975,-0.006034,-0.029403,-0.01745,0.034815,-0.000777
pg2147,-0.048243,-0.040454,-0.008601,-0.005384,-0.039049,-0.004551,-0.011469,0.035912,-0.00638,0.0624,0.010665,-0.017325,0.048815,-0.011272,-0.012484,-0.000756,0.03781,-0.011573,0.028937,-0.006998
pg2148,0.056822,-0.015769,0.009627,-0.016163,0.003222,-0.004531,-0.038118,0.024218,0.02277,0.072784,-0.033111,-0.028325,-0.050503,-0.015515,0.023481,-0.0102,-0.022625,0.018901,0.028436,-0.025399
pg2149,-0.019012,-0.041078,-0.037538,-0.001287,0.032416,0.021486,-0.043511,-0.010256,0.079218,-0.001576,0.005605,0.055544,-0.033601,0.028393,-0.008394,-0.004765,0.023667,-0.052896,0.00115,0.006436
pg305,0.026793,0.026938,0.03966,-0.017522,-0.046881,-0.029439,-0.018107,0.07645,-0.038296,-0.01253,-0.010576,0.003582,-0.0345,-0.017053,-0.001055,0.007196,0.056852,-0.00205,0.02611,-0.035574
pg331,-0.040723,0.012506,-0.033968,-0.03045,0.054824,-0.012281,-0.012297,0.092323,0.067072,0.011507,0.024519,-0.017615,0.007379,-0.017541,0.002208,-0.003687,-0.042137,-0.009628,-0.026877,-0.025134
pg426,-0.050602,0.045524,-0.037874,0.041839,0.061659,0.024105,0.019143,-0.034944,0.035937,0.024959,0.020107,0.014773,-0.025081,-0.042977,0.010824,-0.027741,-0.052501,-0.027318,0.018387,-0.01822
pg502,0.039467,0.079403,0.021628,0.004306,-0.012308,-0.012255,0.061693,-0.040789,0.029549,-0.029565,-0.039732,0.007957,-0.007224,0.00586,-0.009674,-0.009289,-0.031284,-0.000598,-0.052114,-0.005031
pg515,0.041697,-0.033746,-0.039039,-0.014454,-0.018432,0.046879,-0.046621,-0.032543,-0.040879,0.037144,0.023703,-0.004697,0.002955,-0.022867,0.018696,-0.032722,0.058439,0.042884,-0.000519,0.014122
pg525,-0.033948,0.009474,-0.021651,0.056004,0.040738,-0.017823,0.058854,0.021345,0.05825,-0.016058,-0.001314,-0.016725,-0.010753,0.047225,-0.022293,-0.038652,-0.036401,-0.031214,-0.031481,-0.013576
pg537,0.013638,0.003231,-0.008855,-0.03334,0.000436,0.074941,-0.046037,0.041116,-0.020288,-0.027294,-0.007814,-0.003053,-0.022646,-0.027203,-0.016888,-0.019285,0.094422,0.00161,0.014031,-0.010723
pg547,-0.03979,-0.013548,0.030196,-0.004356,-0.039034,0.004354,-0.012217,-0.040285,0.046698,-0.005598,-0.008837,-0.023405,-0.031759,-0.008949,0.036057,0.014419,-0.017161,0.080227,0.035847,-0.002859
pg587,-0.035621,0.027546,0.000779,-0.022932,-0.031604,0.017887,-0.053611,-0.048698,0.047148,0.005562,0.066023,-0.026023,-0.019352,-0.033362,0.013285,0.050909,0.027815,-0.011242,-0.014862,0.040353
pg620,-0.051902,-0.024404,-0.047391,0.038072,0.064254,-0.018607,0.04767,0.063497,-0.007985,-0.03108,0.000029,-0.003238,0.016326,0.012214,-0.027629,0.023176,0.023611,-0.052065,-0.016983,-0.007565
pg681,-0.024712,0.056122,-0.021959,-0.013042,-0.029435,-0.047546,0.090885,-0.010134,-0.015114,-0.003456,0.00481,-0.025121,0.008906,-0.030768,-0.00621,0.022278,0.019553,0.053669,-0.026725,-0.002002
pg726,-0.060619,0.008565,-0.024224,-0.054648,-0.043226,0.062696,0.075581,0.006272,0.037133,0.010306,-0.004923,-0.04182,-0.021396,-0.012102,-0.009256,0.003075,0.032718,0.020056,0.018211,-0.002401
pg730,-0.04127,-0.036222,-0.015764,0.056565,-0.05044,-0.038958,0.105256,-0.025051,0.002285,0.004428,-0.0066,-0.009519,0.000291,-0.015297,0.002284,0.06112,-0.008255,0.008567,0.012213,-0.005633
pg766,0.07555,-0.023683,0.010142,0.0408,0.014139,-0.005924,-0.052068,-0.042275,0.011595,0.022758,-0.059082,-0.020638,-0.01979,0.065274,-0.017076,0.005325,0.016741,0.005183,0.019848,-0.04682
pg786,-0.03918,-0.007815,-0.006515,0.049831,0.067325,-0.011584,0.055843,-0.008971,-0.04717,-0.032711,-0.017493,-0.0235,-0.027219,0.070655,0.010783,-0.016197,-0.019489,-0.044566,0.023115,0.024857
pg834,-0.02943,-0.028028,-0.03534,0.067922,0.077093,0.039207,0.033375,-0.01565,-0.015376,-0.055494,-0.040906,0.025535,-0.032801,0.001419,-0.007088,-0.007906,0.027797,-0.025515,0.022677,-0.001489
pg863,0.074564,0.006412,0.004556,0.010468,-0.059098,-0.03808,-0.039443,-0.030239,-0.014625,-0.031865,0.028629,0.013314,0.00714,-0.02041,0.033582,-0.000252,-0.050703,0.091646,0.015398,-0.000993
pg98,0.034148,-0.017954,0.067815,0.026204,-0.033053,-0.053578,-0.040301,0.065392,-0.053041,0.023616,-0.023028,0.014434,0.043739,-0.018484,0.043483,0.007782,-0.034659,-0.051214,-0.005104,0.003803
pg6526,0.003747,0.0141,0.027552,-0.010946,0.000232,0.005374,0.000653,0.003862,0.003692,0.00857,-0.008156,-0.004164,-0.00879,-0.004515,-0.008845,-0.006025,-0.011973,-0.007086,0.001889,0.000831
pg7119,0.001296,-0.003747,0.005866,0.008483,-0.004487,0.002552,0.003018,0.011875,0.020578,-0.007386,-0.002934,0.002273,-0.005306,-0.003773,-0.008353,-0.0053,-0.004233,-0.001666,-0.005444,-0.003312
pg6592,-0.00359,-0.002723,-0.004242,-0.003327,0.009911,-0.002531,0.002615,0.004153,0.000561,-0.002813,-0.001617,-0.00006,-0.003892,0.001271,-0.00023,-0.002453,0.002159,0.002716,-0.001675,0.005768
pg9111,-0.000632,-0.001772,-0.006921,0.006645,-0.004937,-0.008435,-0.002158,-0.009293,-0.001833,-0.005522,-0.000538,-0.005752,0.020955,0.002009,0.003571,0.001466,-0.003709,0.011945,-0.003798,0.008709
pg7085,-0.004428,0.002337,0.003532,0.012506,-0.00294,0.005395,-0.002216,-0.001127,-0.007946,0.004009,0.011884,-0.005654,0.013442,0.002741,-0.008463,-0.008793,0.002288,-0.012298,-0.005153,0.000883
pg9809,-0.012523,-0.001638,0.004051,0.002135,-0.01419,-0.002697,-0.012667,0.003678,0.0093,-0.003395,0.014674,-0.017663,0.001322,-0.004677,-0.0061,-0.002661,0.005177,0.006067,0.010957,0.020851
pg7842,0.001687,0.0005,0.006643,0.001245,-0.002613,0.007415,-0.008673,0.014343,-0.010349,-0.002497,-0.007271,-0.013371,-0.001431,-0.010824,0.001102,0.008836,0.020916,-0.000654,-0.000011,-0.004993
pg7759,-0.005927,0.002913,-0.00907,0.018253,-0.007595,-0.005983,-0.004305,-0.013696,-0.002342,-0.00312,0.005516,0.003655,0.001153,-0.00137,0.003622,-0.003192,0.022651,0.002789,-0.003702,-0.00025
pg7761,-0.003224,0.004778,-0.008663,-0.007204,-0.012441,0.000407,-0.012317,0.01721,-0.011756,-0.0163,0.020019,-0.00448,0.00157,0.002314,0.019332,-0.002166,0.007422,0.014401,0.000059,-0.00896
pg8883,0.003923,-0.004519,0.006227,-0.011332,0.001984,-0.013353,0.024513,0.012654,-0.008956,0.019144,0.005069,0.000752,-0.017879,-0.010838,0.001316,-0.007137,-0.015397,0.013733,-0.0008,0.000896
pg9926,0.006513,-0.008256,0.010203,-0.016064,-0.002959,-0.007929,0.006902,-0.003563,-0.006648,-0.008906,-0.014703,0.006048,-0.020117,0.002893,-0.008666,-0.004616,0.032676,0.011037,-0.0032,0.029355
pg8464,-0.014587,-0.001781,-0.016979,-0.002711,-0.006865,0.008352,-0.018415,0.003539,0.006871,-0.0023,-0.000087,-0.014184,-0.007213,-0.008522,0.033487,-0.019024,0.017459,0.036731,0.006329,-0.0001
pg7757,-0.012462,0.001509,-0.023074,-0.00178,0.03038,-0.013545,-0.004007,0.001105,0.010889,-0.003255,-0.01403,0.008927,-0.013783,0.005146,-0.005313,-0.018924,0.020236,0.032228,0.011164,-0.011411
pg9387,-0.012271,0.000411,-0.014797,-0.006058,-0.005027,0.028076,-0.002193,-0.008337,0.007824,-0.02182,-0.015607,0.012527,-0.007363,0.008371,0.046154,0.012847,0.008786,-0.018898,-0.005506,-0.007119
pg8073,0.004811,-0.000127,-0.018481,-0.011166,-0.001362,-0.01552,-0.005466,0.000525,0.003126,0.029828,-0.005091,-0.003078,-0.00091,0.015572,0.044296,-0.010226,-0.017943,-0.00781,-0.002979,0.002001
pg8383,-0.014483,0.014978,-0.005665,0.018249,0.011098,0.002951,-0.002692,0.004608,-0.004424,-0.008406,-0.016334,-0.013401,0.01334,0.026373,0.039739,-0.015012,-0.008405,-0.02141,-0.012173,-0.00893
pg8865,-0.004466,0.005036,-0.003682,-0.00192,0.005386,0.024521,-0.018806,-0.006828,0.002831,0.008473,-0.003542,0.01344,-0.017811,-0.020115,0.039676,-0.019822,0.01444,0.005891,-0.014027,-0.008675
pg6901,0.004374,-0.010404,0.008996,-0.020495,-0.015202,0.020001,0.003609,0.001554,-0.00978,-0.000776,0.000789,-0.019905,0.037937,0.021296,-0.003535,0.016225,0.000451,-0.014998,-0.027638,0.007503
pg10379,-0.015046,0.002081,-0.015602,-0.019429,0.001437,0.024738,-0.003176,0.009675,-0.020058,-0.005883,0.043796,-0.021175,0.023709,0.016201,-0.010561,-0.009464,-0.003672,-0.018068,-0.000828,0.021325
pg8522,0.011701,0.006513,0.012227,-0.027626,0.014289,-0.004703,0.005828,0.001887,0.038576,0.007793,-0.032535,-0.013091,-0.006684,0.00588,-0.025267,-0.005831,-0.015079,0.035566,-0.003055,-0.006388
pg9362,-0.009254,0.004379,-0.010361,0.045367,0.013824,-0.007003,0.041397,-0.00356,-0.035749,-0.025744,-0.004426,0.01254,0.000659,0.001362,0.003429,-0.019564,-0.017004,-0.002671,0.017487,-0.005106
pg8182,-0.005234,0.00635,-0.02329,-0.018008,-0.005825,-0.004039,0.005449,-0.008646,0.051803,-0.016358,0.013297,0.023187,-0.008432,0.034671,-0.004623,0.013834,-0.004061,-0.003905,-0.019085,-0.027087
pg9849,-0.008057,0.003112,-0.014338,-0.006174,0.006755,0.009405,-0.030495,-0.004748,0.038897,-0.036276,-0.018695,0.00177,0.02614,0.043285,0.014476,-0.001386,-0.028751,-0.004376,0.014068,-0.004613
pg9311,0.003827,0.014121,-0.022572,0.013291,0.023693,-0.009767,-0.022896,-0.015773,0.042184,0.00518,0.00758,0.020083,0.007644,-0.031098,-0.001014,-0.01443,-0.025655,-0.015847,-0.012791,0.03424
pg10067,0.008266,-0.016186,0.027412,0.020131,-0.010521,0.004643,0.049607,-0.010871,-0.035586,0.001345,-0.019674,0.003386,-0.018013,-0.006165,-0.014931,-0.006289,0.006874,0.045166,0.006566,-0.035159
pg9052,-0.010132,-0.002704,-0.027272,0.00063,-0.021222,0.029436,0.055259,0.029236,0.015389,-0.023742,0.008242,-0.025583,0.005928,-0.000812,-0.035356,0.006375,0.007642,-0.028615,0.001522,0.01578
pg9993,0.015563,0.020237,-0.016964,-0.018062,-0.025412,0.008879,0.052056,-0.025157,0.022916,0.045342,-0.018177,-0.00757,0.002663,0.017006,-0.033212,0.005391,0.008167,-0.030388,-0.007599,-0.01568
pg9087,-0.024755,0.002983,0.037292,0.015389,0.038249,-0.022768,-0.03301,0.045854,-0.009397,-0.026895,0.039495,0.021518,-0.032853,-0.038913,-0.030506,0.013561,0.002248,-0.005382,0.013235,-0.005347
pg9807,-0.002618,-0.02079,0.006357,-0.015894,0.022036,0.049749,0.007559,-0.013299,0.009144,-0.015435,-0.013457,-0.001229,0.049904,-0.013922,-0.039911,-0.014531,-0.025746,0.00865,-0.01327,0.036701
pg7424,-0.029132,0.007755,-0.011416,-0.02053,0.003095,0.04768,0.002475,-0.031436,-0.033175,-0.004635,0.011741,-0.020741,0.061193,-0.007462,-0.020781,-0.009878,0.020085,0.01751,-0.004085,0.021737
pg7758,-0.023938,-0.005395,0.017991,-0.005402,0.044255,0.014534,-0.042938,-0.014452,-0.003926,0.052008,-0.006266,-0.00388,0.027081,-0.039524,-0.014756,0.00267,0.001723,-0.005959,0.000775,0.0054
pg8131,-0.000628,-0.013025,0.001035,-0.009767,0.044575,0.014461,-0.018794,0.015964,-0.003547,0.045963,-0.014007,0.009333,0.043454,-0.027609,-0.032869,-0.040024,-0.015596,0.012336,-0.003623,-0.007632
pg8671,-0.023635,-0.027286,-0.035019,-0.00464,-0.000945,0.063663,0.009924,-0.011795,0.019073,-0.024763,-0.033445,-0.006581,0.046485,-0.005257,0.031582,-0.003581,-0.022308,0.006153,0.008287,0.014086
pg6517,0.013588,0.013777,-0.014121,0.006801,0.063867,-0.014655,-0.036493,-0.008052,-0.005776,-0.017547,-0.018432,0.048193,0.009204,-0.024764,-0.035412,-0.03461,0.007785,0.018365,0.015789,0.012491
pg7827,0.032149,-0.015865,0.031791,0.012913,-0.027695,-0.037121,0.049871,-0.020685,-0.033682,-0.006401,-0.022318,0.024423,0.010487,-0.004224,-0.026503,0.014225,0.014067,0.042049,-0.028167,-0.009314
pg6864,-0.023467,-0.018297,-0.011873,-0.025828,0.062548,0.018245,-0.025626,0.01501,0.007156,-0.005645,-0.027099,-0.010103,0.005211,-0.022808,0.034952,-0.008149,-0.001558,-0.008385,-0.020245,0.065959
pg8403,0.016106,-0.031041,-0.001571,0.001092,-0.013169,-0.002742,0.061221,0.012467,-0.025146,-0.003762,-0.044746,-0.040092,-0.022569,0.027473,0.036739,-0.01683,0.015938,0.006983,-0.022802,0.046453
pg8087,-0.006396,-0.030945,-0.023392,0.003532,0.088677,0.015316,-0.010544,-0.03724,-0.004727,0.004854,-0.02461,0.030827,0.018284,-0.034382,-0.008668,0.005136,-0.018905,-0.000608,-0.009719,0.043511
pg9967,0.022397,0.008962,-0.012735,-0.004049,0.067662,-0.008736,-0.036893,-0.00326,-0.002913,-0.010324,-0.007048,0.076297,-0.009977,-0.018908,0.017155,-0.002402,-0.037875,-0.015414,0.000227,-0.022166
pg6954,-0.020238,-0.030322,-0.006212,0.041762,0.007602,-0.032145,-0.026714,0.037398,-0.01963,-0.038107,0.029368,-0.00324,0.009576,0.037467,-0.006601,-0.003531,0.072217,-0.004581,-0.039368,-0.004701
pg9189,-0.000564,0.04343,-0.019011,-0.013509,-0.00076,-0.026871,-0.019708,-0.02976,0.090093,0.005038,0.002639,-0.003927,0.01384,0.023772,-0.046585,-0.003308,0.008632,-0.043517,-0.028575,0.048652
pg7866,-0.002875,-0.037576,-0.027104,0.01563,-0.009072,0.002428,-0.023815,0.068334,0.066058,0.015819,-0.001162,0.007074,-0.017535,-0.026242,-0.030796,-0.03515,-0.00472,0.001578,0.051021,-0.011895
pg9410,0.062471,-0.008657,0.01988,-0.022577,-0.002913,-0.016806,-0.029786,0.009546,-0.059334,-0.000402,-0.024854,0.000493,0.04916,0.05725,-0.023275,0.035734,0.014281,-0.054068,-0.00563,-0.000513
pg8596,0.046031,-0.023379,-0.023088,-0.035236,0.073482,0.021158,-0.017713,-0.013373,-0.024004,-0.048445,-0.002654,0.029549,-0.007634,-0.017398,-0.036915,0.039332,-0.025617,0.049394,0.018111,-0.001603
pg8899,-0.025511,0.017608,-0.007804,-0.022754,-0.009034,-0.005818,0.028089,0.050392,-0.044662,-0.033647,0.012676,-0.041154,-0.031194,0.039917,0.034771,-0.011002,0.068635,-0.004039,-0.025965,0.010497
pg8741,0.028001,-0.044041,-0.041464,-0.003457,-0.019287,0.059019,0.025809,-0.002211,-0.00405,-0.005309,-0.036062,0.01643,0.011264,0.002912,0.005907,0.001061,0.061174,0.022209,-0.03129,-0.046613
pg9305,0.017016,-0.014343,-0.037159,-0.037947,-0.03099,0.019807,0.03788,0.021309,0.047821,0.042594,0.019539,-0.031273,-0.047597,0.04773,-0.019757,0.005524,0.010317,-0.03354,0.00293,-0.019862
pg8396,0.009119,0.00486,0.083188,0.018823,-0.021718,-0.008304,-0.043896,0.00158,0.006165,-0.026292,0.021196,-0.019725,0.006618,-0.009072,-0.014233,-0.050463,-0.019025,0.075034,-0.027413,0.013558
pg9927,-0.020138,-0.019421,-0.051745,0.032258,-0.019628,0.008442,0.01316,-0.037583,0.081194,0.021082,-0.010233,0.003478,0.031296,-0.031866,-0.02386,-0.026805,0.008838,0.060259,-0.008883,-0.009844
pg8569,-0.034334,-0.048277,0.066234,-0.020231,0.05893,0.004572,-0.03152,-0.050501,-0.003088,-0.009042,-0.010014,0.009024,-0.00858,0.016931,-0.042852,0.051438,-0.003092,0.013153,0.008316,0.032933
pg8711,-0.011584,-0.047097,-0.029838,0.046851,-0.029082,-0.023658,-0.061012,-0.035247,0.011643,0.008895,0.019243,0.016535,-0.02096,0.053747,0.063726,-0.011205,0.042897,-0.015583,0.014968,0.006761
pg8386,0.036257,0.040461,-0.041029,0.016044,-0.018401,-0.003456,0.03381,0.01152,-0.019902,-0.006175,-0.020064,-0.018897,-0.027258,-0.045128,0.071147,-0.056152,-0.033485,0.003208,0.018926,0.058576
pg7855,-0.022726,0.019311,-0.041008,-0.037485,0.074411,-0.017132,-0.052395,0.005779,0.006081,-0.019466,0.005104,-0.026332,0.041571,0.017797,-0.001407,0.090126,-0.022769,-0.015241,0.013138,-0.017358
pg9746,0.022341,0.041652,0.058335,-0.032634,-0.054414,-0.012102,0.066007,0.00406,-0.003562,-0.008153,0.01124,-0.005154,-0.044245,-0.035744,-0.033239,0.077043,0.007092,0.005424,-0.029555,-0.03439
pg6809,0.012545,-0.047317,-0.045615,-0.028119,0.046633,-0.001328,-0.04829,-0.032971,-0.026234,0.061719,0.051377,-0.020304,-0.027732,-0.001094,0.029098,0.03816,0.02496,-0.004185,-0.016742,0.035439
pg9259,-0.015382,0.025577,0.071507,0.039395,-0.035057,-0.015044,0.028955,-0.014065,-0.001767,-0.026491,-0.052825,0.059719,-0.012445,-0.052527,0.024182,-0.032244,0.020281,0.023474,-0.027449,-0.007796
pg8496,0.023093,-0.038955,-0.053197,0.042915,0.003335,0.028115,-0.048699,-0.019598,0.007334,0.064285,0.072286,0.007713,0.016976,-0.011426,-0.025558,-0.048341,-0.003926,-0.022009,0.008357,-0.002699
pg7760,0.006987,0.002627,0.09948,0.006991,-0.02913,-0.014496,-0.006516,0.017293,-0.001865,-0.036027,-0.026346,0.081197,-0.015758,-0.06154,0.009234,0.004119,-0.020926,-0.006643,-0.015159,0.006478
pg9379,-0.039194,0.017241,0.028611,0.061044,0.008752,-0.04592,0.056177,0.034485,0.008672,-0.037946,-0.036245,-0.02381,-0.04443,0.035524,0.063364,-0.023551,-0.035846,0.009151,-0.009861,-0.026219
pg8570,-0.044299,-0.019138,0.010713,-0.03688,0.02384,0.016904,-0.018948,-0.054059,-0.039279,0.023422,0.011898,0.008897,-0.027789,0.078851,-0.047429,-0.019193,0.06835,0.025819,0.062942,-0.024622
pg6474,-0.04187,-0.004084,-0.047338,0.01969,0.077378,-0.000276,-0.028037,-0.039537,-0.019231,-0.040174,0.062198,0.035074,-0.022056,-0.039649,0.027868,0.000112,0.034072,-0.015556,-0.042983,0.0844
pg7063,-0.034863,0.014366,0.058142,0.068875,-0.010835,-0.003847,-0.012998,-0.038323,-0.004984,-0.030441,0.048494,-0.004515,-0.004324,-0.003185,-0.031706,0.016313,-0.04827,0.029875,0.041346,-0.049117
pg8805,-0.048336,0.012505,0.086718,-0.019001,0.01434,-0.013489,0.032445,-0.033172,-0.014682,-0.014508,0.012178,0.077657,0.001245,0.024582,-0.003914,0.029442,-0.043089,-0.013802,-0.036904,-0.050215
pg9747,-0.017572,-0.037538,-0.05647,0.029784,0.051994,-0.021588,-0.013188,-0.027275,-0.001464,-0.00646,0.08642,0.031553,-0.042755,0.038594,0.014539,-0.024637,0.001788,0.058463,-0.023292,-0.040896
pg7183,-0.037698,0.002241,0.090506,-0.006117,0.052873,0.007389,0.01631,-0.017202,-0.046613,0.062813,-0.021488,-0.015464,-0.017954,-0.047663,-0.053331,-0.03647,0.009593,-0.039524,0.007802,0.089997
pg8549,0.007322,0.018017,0.104762,-0.003616,-0.016248,0.024436,-0.026442,-0.051828,-0.019095,0.071815,0.005948,-0.031838,-0.005617,0.037536,0.008055,-0.015508,-0.043348,-0.014929,-0.015337,-0.034085
pg4676,-0.000963,-0.000383,-0.000217,-0.000353,-0.000263,0.000168,-0.000331,0.000427,-0.001131,-0.000268,-0.000547,0.000029,0.001877,0.002476,0.003252,-0.0017,-0.0009,-0.0002,-0.000778,-0.000197
pg5176,-0.000836,0.000146,0.005114,-0.005011,0.001717,0.003414,-0.000928,0.007928,0.008867,0.000858,-0.000192,-0.001527,-0.003332,-0.000612,-0.003401,-0.001423,-0.004283,-0.001396,-0.002726,-0.002377
pg5165,-0.001146,0.001497,0.000528,-0.006621,-0.008686,-0.00808,-0.00538,0.005788,-0.005514,0.009649,0.000603,0.003545,0.014956,0.002611,0.000636,-0.005952,0.005456,-0.003122,-0.001454,0.000684
pg4084,-0.007004,0.008684,-0.020565,0.021848,-0.001624,-0.002999,-0.021264,-0.016972,-0.006917,-0.001373,0.005798,-0.001678,0.009993,-0.009244,0.026682,0.009584,-0.001504,-0.006146,0.016406,-0.001706
pg4795,-0.000108,0.021474,0.025362,-0.009984,0.003202,0.015953,0.003812,0.013081,0.017116,-0.004867,0.008055,-0.012943,-0.020655,-0.006807,-0.005797,-0.005625,-0.011126,-0.004039,-0.019861,-0.006244
pg2150,0.016434,0.025191,0.026396,-0.007138,-0.002511,0.012297,0.014224,-0.010925,-0.021896,-0.010701,-0.005254,-0.005981,-0.013846,0.011422,-0.00156,-0.003602,-0.018836,0.003119,0.00685,-0.013683
pg4745,0.024082,-0.018154,-0.002096,-0.021137,0.025192,0.021246,0.005898,0.001207,-0.01078,-0.006437,-0.019314,-0.005136,-0.010648,0.004087,-0.017217,0.017379,-0.007707,0.003092,0.01259,0.003852
pg2919,0.014653,0.022344,-0.012553,0.022681,0.038636,-0.00912,0.005916,0.001689,-0.009103,-0.001582,-0.021088,-0.010807,-0.005163,-0.01112,0.002094,-0.012973,-0.008783,-0.005277,-0.004609,0.004166
pg4765,-0.024024,-0.018931,-0.01199,-0.006658,-0.013806,-0.006378,-0.014919,0.020513,0.015728,-0.001564,0.026667,-0.00832,-0.004524,0.026126,0.015626,0.005273,0.009335,-0.00205,0.001905,-0.008012
pg2155,0.011148,0.025019,0.006831,-0.00521,0.035718,-0.019756,0.012474,0.005446,-0.013167,0.002467,-0.018385,0.000908,-0.023363,0.000037,-0.008745,-0.001054,0.009302,0.016216,-0.011812,-0.024074
pg4634,0.017462,-0.025777,0.006702,0.00657,0.024105,-0.006633,-0.00939,-0.00315,-0.024099,-0.001393,-0.018118,-0.003612,-0.02234,0.004016,0.000601,-0.011063,0.011813,0.007292,0.013262,0.033752
pg5151,0.01329,-0.004999,0.002138,0.012131,0.030963,-0.007246,0.005367,-0.010194,-0.018006,-0.012034,-0.013495,-0.012794,-0.015586,-0.005129,0.007689,0.034035,-0.022568,0.014493,0.010208,-0.008263
pg2675,0.011003,0.020577,0.015286,0.028443,-0.001225,-0.012916,-0.021326,0.001426,-0.021427,-0.009688,-0.005634,-0.005026,0.000921,0.00659,0.03871,-0.024013,-0.007296,-0.004453,-0.009012,-0.000941
pg4903,0.012205,-0.01705,0.012996,-0.016945,0.001317,0.006008,-0.030608,-0.006173,-0.026725,0.013353,-0.006853,0.028059,0.01188,-0.009859,0.034564,0.022156,-0.000724,-0.003475,-0.008054,-0.016073
pg2701,-0.021414,-0.000212,-0.032794,-0.008401,0.023293,0.002962,0.041128,-0.008622,0.027575,-0.000478,-0.006519,0.039961,-0.013843,-0.029115,-0.001339,0.012279,-0.002292,-0.019375,-0.013796,0.011001
pg4763,-0.013852,-0.009374,-0.018835,-0.014719,0.032637,0.007616,0.026242,-0.009282,0.01685,-0.000924,-0.014804,0.046727,-0.015459,-0.012338,-0.009403,-0.012174,-0.008273,0.002416,0.004898,0.002052
pg2852,-0.01205,0.010193,0.005256,-0.011712,-0.012001,0.006833,-0.000992,-0.002116,-0.006188,0.024656,0.045511,-0.018643,-0.018582,-0.027872,0.0031,0.000083,-0.018942,-0.01391,0.014889,0.032487
pg4923,0.01491,-0.028812,0.019547,0.007801,-0.035579,0.006478,0.000886,0.0017,-0.020732,-0.002788,-0.004997,0.035277,-0.017814,0.004839,-0.001566,-0.004536,-0.004785,-0.031035,0.05013,0.011074
pg4046,0.000101,0.017308,0.011148,-0.003481,0.041998,-0.002795,-0.021448,-0.013771,0.002601,-0.009581,-0.026403,-0.026779,0.020865,0.007542,-0.01217,0.000863,0.00496,-0.011472,-0.021652,0.042167
pg4632,-0.003554,0.034646,0.012818,0.023263,-0.02776,-0.01775,-0.012691,-0.028096,-0.019171,-0.007124,0.025822,-0.011756,-0.006202,0.00605,0.006664,-0.001715,-0.026125,0.012225,0.050199,-0.009743
pg4918,0.000682,-0.011218,0.038813,-0.015447,-0.034374,-0.010185,-0.003985,-0.002555,-0.034056,0.006783,0.012463,-0.03703,-0.020426,0.011395,-0.007969,0.013059,0.029562,0.039367,0.01929,0.005832
pg3828,0.026698,0.024148,0.039727,0.007711,-0.034006,-0.007169,-0.031445,-0.010528,-0.010571,0.037393,-0.022842,0.006589,0.012715,0.009381,-0.011074,-0.025077,0.049691,-0.031772,-0.018894,-0.010676
pg4955,-0.010774,0.023226,-0.025625,-0.018962,0.034226,0.003978,0.041182,-0.008439,0.00713,0.030867,0.014017,-0.015278,0.002081,-0.013076,-0.03861,-0.013558,-0.018723,0.034113,-0.004905,-0.022872
pg2911,0.00594,0.025,0.020826,-0.010825,-0.036396,-0.000025,-0.02238,-0.014004,0.036781,-0.009189,-0.015288,-0.031311,0.011266,-0.019175,-0.0267,0.041942,0.034029,0.02612,-0.008077,-0.008534
pg4045,-0.024464,0.023127,-0.021781,-0.023539,0.052317,0.011397,0.015256,0.002145,-0.020138,-0.02431,0.027769,-0.011068,0.000234,-0.007185,-0.018538,0.045801,-0.006002,-0.012222,-0.004651,-0.004147
pg4794,0.001227,0.000564,0.005241,0.028549,-0.035882,-0.019088,-0.00449,-0.019509,0.002318,0.041863,-0.005634,0.008921,-0.016913,-0.008552,0.066313,-0.020369,-0.014965,-0.015266,0.002786,0.002886
pg5094,-0.001275,0.029284,0.004414,0.008845,-0.027674,-0.014877,-0.008608,-0.006657,0.006403,0.042911,-0.002085,-0.026492,-0.014747,-0.016837,0.072441,-0.019653,0.001449,0.015111,-0.030319,-0.011636
pg4790,0.006272,0.038438,-0.004947,-0.02012,-0.038746,-0.022279,-0.013965,0.03815,-0.009935,0.002365,-0.003775,-0.016853,0.075839,-0.012705,-0.010306,-0.010677,-0.005683,-0.011251,0.005244,0.014932
pg4397,0.032134,0.012295,-0.015384,0.033165,-0.031629,0.015818,0.021097,-0.029682,-0.036675,-0.03266,-0.007491,0.012216,0.059179,-0.007686,-0.011614,-0.01544,0.001574,0.042682,-0.011192,-0.030708
pg2684,-0.027812,0.001948,-0.014865,-0.039333,0.00424,-0.017787,0.066922,0.018632,0.012732,-0.024325,-0.014102,0.007602,-0.024771,0.044775,0.007764,-0.006499,-0.009715,0.012831,-0.000392,0.002155
pg4929,0.021799,-0.022957,0.014807,0.006288,-0.032571,0.007409,0.013879,0.011839,-0.037755,0.011839,-0.027053,-0.018694,0.036709,0.049378,-0.009404,-0.008528,0.04097,-0.036073,-0.021381,-0.000501
pg4653,-0.037293,0.030003,0.008781,-0.000787,0.036971,-0.020172,-0.027891,-0.014725,0.03635,-0.02472,0.044948,0.050979,-0.004754,-0.010289,-0.034447,0.007,-0.006992,-0.001225,-0.015672,-0.016065
pg2287,0.044813,0.005479,-0.025047,-0.018445,-0.042694,0.01002,-0.026795,-0.01364,0.003018,-0.000437,0.000972,0.067043,0.000272,-0.006729,0.008434,-0.007476,-0.001018,-0.018389,0.038045,-0.017425
pg4733,-0.025896,-0.020807,0.05386,-0.009374,0.040221,-0.013413,-0.006753,0.012811,-0.010616,0.029415,-0.03474,-0.014303,0.00335,0.004047,-0.009174,0.055291,0.023834,-0.010139,-0.034085,-0.033528
pg3803,-0.001585,-0.002945,-0.001769,0.000097,-0.001613,-0.000455,-0.001201,0.000703,-0.001906,-0.000795,0.000704,-0.002141,0.007376,-0.001212,0.00284,0.003269,-0.001091,0.002064,-0.001754,0.001416
pg2346,0.001251,-0.001712,-0.001449,-0.001188,-0.00059,-0.001288,-0.001257,-0.002242,0.000058,-0.001859,-0.001611,-0.000782,0.007898,0.00259,-0.000214,0.000052,-0.00387,0.006394,-0.000216,0.000035
pg1748,-0.008557,-0.006051,-0.004818,-0.00049,-0.005569,-0.007733,-0.003961,0.014445,0.000141,0.001342,0.007811,0.004136,0.0124,-0.004763,0.003759,-0.001222,0.000957,-0.002597,-0.002163,0.002932
pg1651,0.01356,-0.011199,-0.005421,-0.005579,0.019935,0.004128,-0.010613,0.001604,-0.000319,0.018312,0.001206,0.002436,0.00168,-0.004351,-0.00317,-0.00192,-0.011555,-0.006763,-0.005303,0.003333
pg706,0.015998,0.014788,-0.005719,0.010479,-0.002833,-0.003199,-0.001665,-0.000949,-0.011867,0.002979,0.000582,-0.003157,-0.007953,-0.000997,0.0116,-0.013189,0.000802,-0.008309,0.001055,0.001555
pg4047,0.00939,0.016704,-0.009417,0.00729,-0.003508,-0.003082,0.006551,-0.014616,0.002393,-0.005909,-0.001825,-0.000459,-0.018502,0.001994,-0.007566,-0.011949,0.019537,-0.004403,0.002948,0.014429
pg2347,-0.002972,-0.001675,-0.000116,0.002613,-0.004941,0.017346,-0.007852,-0.009471,-0.014232,-0.014494,0.001596,0.001993,-0.012401,0.012449,0.002874,-0.009788,0.016256,0.007723,0.021788,-0.006693
pg4002,-0.015689,0.012241,0.01818,0.000324,-0.002737,0.023288,-0.000592,0.007096,-0.012835,-0.007934,-0.007736,-0.015148,-0.001483,-0.007975,0.033256,-0.001649,-0.008931,-0.008458,-0.001432,-0.001784
pg863,0.010433,-0.009633,0.024674,-0.016104,-0.018042,-0.008978,-0.003332,0.013009,-0.000275,0.008383,0.0105,0.021052,-0.02246,-0.000283,-0.011002,-0.011351,0.00159,0.000266,0.007914,0.003639
pg4071,0.021001,-0.00678,-0.008634,0.016774,-0.008922,-0.010954,0.001511,-0.006933,-0.019893,-0.012533,0.023763,-0.004485,-0.009443,-0.011667,0.010369,0.004706,0.00098,0.020516,-0.010732,0.011354
pg2344,-0.016877,0.022099,-0.005573,-0.005885,-0.014696,-0.021393,-0.003472,0.018516,-0.009514,-0.009172,0.020887,0.002988,0.026926,-0.001569,0.002046,0.001764,0.002765,-0.007474,-0.002491,0.000125
pg2350,-0.005395,0.027336,-0.007409,-0.019036,-0.020079,0.003023,-0.000758,0.001072,0.005149,-0.013173,0.029152,0.009675,-0.014599,0.004557,-0.001358,-0.001658,0.010631,-0.004514,0.004667,-0.007282
pg223,0.007586,0.025922,-0.019819,-0.013387,0.0239,0.001499,0.014407,-0.006842,0.012572,-0.022903,-0.000084,-0.003231,-0.013599,0.001921,-0.017278,0.00069,0.008662,0.007736,-0.016347,0.008595
pg2147,0.009148,-0.00663,0.0033,0.012679,-0.028492,0.020924,0.032467,0.016013,-0.004111,0.005667,-0.01279,-0.019592,0.01073,-0.01105,-0.01238,-0.002925,-0.001565,-0.00112,0.003694,-0.013966
pg3802,0.014483,-0.019108,-0.02094,0.007858,-0.009926,-0.01463,-0.002808,0.027243,-0.009453,0.011269,-0.007392,-0.006558,-0.015753,-0.008158,0.028603,0.013796,0.021327,-0.003632,0.001859,-0.00808
pg1155,-0.005498,-0.01927,0.009097,0.021637,0.005342,-0.003527,-0.01641,0.028337,0.035045,-0.01019,0.010707,0.009569,-0.016541,-0.010114,-0.0222,-0.010894,0.014849,-0.001822,-0.01439,-0.003727
pg5236,-0.002442,0.004918,-0.005676,-0.00085,-0.003461,-0.012698,-0.001684,-0.002832,0.004975,0.019807,0.00224,-0.000471,-0.007061,0.002469,-0.010191,-0.003591,-0.002592,-0.000584,0.025892,-0.006168
pg5663,-0.002495,0.000492,-0.000962,-0.004145,0.009951,-0.008459,-0.005052,-0.000851,-0.005048,0.003827,-0.000795,-0.001391,0.000914,0.00238,-0.004748,0.002333,0.010669,0.009035,-0.002433,-0.003221
pg6376,-0.004967,-0.004014,0.013568,-0.007096,-0.007474,-0.006265,0.002397,0.001488,0.002976,0.010597,-0.000329,0.000696,0.000359,0.002125,-0.001566,0.000783,-0.002582,0.004408,-0.002383,-0.002723
pg5622,0.002905,-0.003338,0.017445,0.00618,-0.002204,0.002415,-0.006371,0.000019,-0.002213,-0.006074,-0.007685,0.001468,0.001669,-0.008279,-0.004058,0.013732,-0.003782,-0.000124,0.004294,-0.005999
pg5238,-0.004465,0.011891,0.020981,-0.003232,0.002153,-0.002599,-0.006949,-0.010724,-0.010516,-0.004016,-0.001245,-0.00632,0.000114,-0.001877,0.000982,0.003652,-0.001162,0.002289,0.000108,0.010935
pg6296,-0.002608,0.001887,0.005061,0.006829,0.002635,0.004099,-0.002144,-0.009495,0.000893,0.011113,0.01975,-0.007055,-0.005678,0.008558,-0.003075,-0.001129,-0.00898,-0.008654,-0.005855,-0.006153
pg6028,0.002263,0.01066,-0.014697,0.000835,-0.003623,-0.015708,0.006304,-0.003873,-0.004784,-0.006201,0.010239,-0.011764,-0.005948,-0.001816,-0.012874,0.0068,0.001064,0.016268,0.022055,0.0048
pg5237,-0.014452,-0.007262,0.014698,0.003277,0.017207,-0.001911,-0.008042,-0.006245,0.007369,-0.011702,-0.003331,-0.008684,-0.010878,-0.007141,0.0057,0.007382,-0.011639,0.022764,0.003366,0.009521
pg6293,0.01164,-0.003857,-0.007586,-0.018141,-0.005791,0.000667,-0.01409,0.008915,-0.009997,-0.006306,-0.002999,-0.004929,0.004703,0.002898,0.003849,0.002133,0.022927,-0.000526,-0.002657,0.019146
pg6005,-0.013623,-0.014398,0.012814,-0.002693,0.024115,0.004019,0.013698,-0.001656,-0.010291,-0.000924,0.000037,-0.01358,-0.01045,0.0056,-0.008029,0.020975,-0.003839,-0.010358,-0.004434,0.013016
pg6057,0.016738,-0.015787,-0.010218,0.010612,-0.007967,-0.003463,-0.007949,0.009783,-0.004401,0.003725,0.011146,0.016911,0.023265,0.00048,0.000928,0.000555,-0.018352,-0.010969,-0.003191,-0.011846
pg5235,-0.013403,-0.016295,0.015771,-0.004001,0.025335,0.008995,0.007407,0.003585,0.003277,-0.00741,-0.019713,0.018648,-0.011954,0.01227,-0.011464,-0.018377,0.008802,-0.005551,-0.004058,0.008136
pg6295,-0.015988,-0.001922,0.007239,-0.012396,0.001992,-0.020325,-0.004263,0.002119,-0.020289,-0.007333,0.020508,0.006551,-0.011591,0.026435,0.00942,0.012233,0.016369,-0.000084,-0.003399,-0.005278
pg5240,0.019104,-0.00464,-0.008979,-0.022751,-0.000221,-0.011163,-0.007421,0.0108,-0.0192,0.023069,0.015527,0.013852,-0.020285,0.000391,0.021875,-0.004882,-0.013414,-0.013827,0.013014,0.009153
pg5234,-0.016548,-0.008561,0.017011,0.003962,0.002866,0.006709,0.002256,-0.027332,0.027675,-0.015093,-0.002102,0.003702,0.013482,0.028331,-0.027075,0.002274,-0.010601,0.005425,-0.006963,0.000583
pg6410,-0.016555,-0.012267,0.000324,-0.013679,0.007811,0.025205,-0.00844,0.006011,0.013567,-0.017496,0.038375,-0.004975,-0.021239,-0.016529,-0.000531,0.000293,-0.002514,0.011295,-0.010796,0.022143
pg5705,0.019823,-0.016391,-0.009615,-0.007531,0.002475,-0.007809,-0.000169,0.008045,-0.016313,0.00596,-0.026995,-0.018876,0.027319,0.022193,0.008261,-0.001214,0.013884,-0.01363,-0.018671,0.029253
pg6297,0.029,-0.001448,-0.015446,-0.01711,0.0002,-0.001645,0.00123,0.03324,-0.006518,0.018598,-0.026592,0.007439,0.01816,-0.001337,0.007411,-0.005545,0.010753,-0.016037,-0.018198,-0.016155
pg6105,-0.022603,0.001573,0.00303,0.000781,0.002843,0.011286,0.0206,0.02958,-0.021993,0.007918,0.027591,-0.017421,0.012608,-0.024208,-0.021343,-0.015938,-0.008238,0.002327,0.007506,0.004103
pg6294,0.006843,-0.023848,-0.017503,-0.002795,0.007325,0.000668,-0.011054,0.002358,-0.031681,-0.02144,-0.026015,0.035679,0.018376,0.002713,0.001982,-0.011564,-0.000385,0.011285,0.052112,0.006943
pg6299,-0.020154,0.014093,-0.018744,-0.020742,0.00194,-0.001207,0.019994,0.006044,0.037793,-0.0278,-0.005959,0.007457,-0.005551,0.008176,-0.019199,-0.003548,-0.013339,-0.012095,0.023219,0.029621
pg5662,0.005258,-0.016857,-0.013802,-0.007743,0.020394,0.006796,0.003418,0.015913,-0.015508,0.041669,0.000056,-0.01177,-0.007594,-0.021447,-0.007093,-0.016042,-0.028675,0.003516,0.043547,0.005966
pg6298,-0.015473,0.01544,0.045364,0.009245,-0.0222,-0.010618,0.008101,-0.02485,-0.008179,-0.018052,-0.000634,0.014895,0.00068,0.008513,-0.012362,0.024885,0.002153,0.004134,0.00255,-0.023592
pg5239,-0.022076,-0.00098,0.006921,0.010224,0.009808,-0.009136,-0.009806,-0.004054,0.050893,0.021242,-0.001357,-0.022408,-0.00762,-0.001788,-0.012518,-0.000199,-0.025356,0.034252,0.01111,-0.027153
pg6292,-0.01591,-0.020564,0.056334,0.01046,-0.007013,-0.00633,-0.006356,0.014525,-0.000808,0.001348,-0.007459,-0.016564,0.007347,-0.019517,0.005584,-0.005448,-0.02136,0.034645,-0.010359,0.007444
pg5848,-0.00088,0.009426,-0.015364,-0.017077,0.003156,0.000314,-0.000548,0.043781,-0.002555,-0.004758,-0.008234,-0.016836,0.001724,0.004164,-0.026434,-0.014367,0.053945,-0.013466,-0.00481,0.008818
pg6113,0.024708,0.003596,-0.005062,0.007047,0.033586,0.006845,-0.032104,-0.017645,-0.023432,-0.008215,0.013703,-0.002165,0.023118,0.010115,-0.019074,-0.013954,-0.027398,0.0428,0.011954,-0.028422
pg6060,0.00292,0.029231,-0.013326,0.002261,-0.009695,-0.021132,-0.011238,-0.028438,-0.006994,0.020612,-0.00444,0.027429,-0.011997,-0.006685,0.072566,-0.007377,-0.008835,-0.008873,-0.008961,-0.007027
pg6311,-0.023815,-0.019043,0.017169,-0.016631,-0.00703,0.005718,-0.00692,0.033133,-0.010838,0.02009,-0.015806,-0.009138,-0.009339,-0.003467,0.047067,-0.014432,0.022329,0.024754,-0.012818,-0.020984
pg5179,-0.007861,-0.004556,-0.016534,-0.008092,-0.003362,-0.021525,-0.013483,-0.020962,0.020711,0.022462,-0.01148,0.012955,0.04729,-0.035551,0.02642,0.024591,-0.003075,0.038687,-0.038624,-0.00801
pg6102,-0.019304,0.023082,0.03859,0.043122,-0.023658,0.002171,-0.001598,-0.007337,-0.006837,0.018054,-0.002159,-0.022844,0.025158,-0.003994,0.035552,-0.03309,-0.031765,0.005386,-0.013979,-0.024551
pg5869,-0.036969,-0.016317,0.00676,0.011799,-0.019273,0.000522,0.000367,0.006792,-0.024217,-0.033064,0.041044,-0.002177,0.024094,0.002046,-0.017261,0.035874,0.027606,-0.027847,-0.00215,0.022372
pg9806,-0.002226,-0.001251,-0.001171,-0.001133,-0.00043,0.00051,-0.001386,-0.001103,-0.001857,0.003622,0.003283,-0.000384,-0.00016,0.001803,0.001198,0.000301,0.003606,0.000104,-0.000857,-0.002469
pg13765,0.002611,0.003709,0.002466,0.004967,0.004653,0.005145,0.00195,0.006421,0.036791,-0.005566,-0.0085,-0.004311,-0.010175,-0.004669,-0.010855,-0.00616,-0.009451,-0.00604,-0.009489,0.006504
pg9902,-0.014006,-0.000493,-0.012842,-0.005036,0.069577,0.004993,0.001689,-0.006465,0.003787,-0.006092,0.005223,-0.012023,-0.012864,0.033871,-0.015898,-0.002378,-0.013154,-0.001428,-0.011512,-0.004949
pg18302,0.00566,-0.001851,0.011034,-0.006661,0.048402,0.007206,-0.025733,-0.011468,-0.016856,0.053262,0.004069,-0.005822,0.003414,-0.007566,0.016338,-0.006064,-0.021311,-0.010725,-0.025017,-0.01031
pg8719,-0.032229,-0.006497,-0.078846,-0.036762,0.007361,-0.005088,0.083977,-0.023475,-0.011033,0.08908,0.007782,-0.004441,0.006641,-0.001939,0.006246,-0.001793,0.003395,-0.000993,0.006706,-0.008091
pg12590,0.014806,0.002549,0.091675,0.008603,-0.047293,0.065384,0.015048,0.00001,0.028939,0.003543,-0.027332,-0.009598,-0.027082,-0.01944,-0.022932,-0.01522,-0.039375,-0.028547,0.013545,-0.007284
pg6382,-0.041685,0.001089,0.010384,-0.000719,0.054771,0.046385,-0.043106,0.001035,0.011866,-0.000773,0.009987,-0.010396,0.010065,-0.013699,0.061792,-0.03072,-0.040367,0.004672,-0.033706,0.003127
pg9834,-0.044792,0.072163,0.022331,-0.000149,0.09417,0.028635,-0.0928,-0.008842,0.031849,-0.00477,0.024803,-0.005694,0.02607,-0.036427,-0.016174,-0.011674,-0.019519,-0.01397,-0.025939,-0.019272
pg26468,-0.046706,0.076576,0.022429,0.005695,0.093516,0.020135,-0.0834,-0.020669,0.029329,-0.003645,0.023117,-0.005615,0.020028,-0.034456,-0.016357,-0.008287,-0.018636,-0.012824,-0.02332,-0.016911
pg16339,-0.068488,0.013159,-0.001949,-0.046396,-0.054415,0.061065,0.021096,-0.010287,0.021393,-0.003547,0.020892,-0.008972,0.111508,0.035364,-0.016788,-0.014067,-0.013897,-0.013712,-0.019351,-0.012607
pg11128,-0.048504,0.038762,0.094493,0.055876,-0.037089,0.024652,0.021355,-0.029401,0.009877,-0.031391,0.033175,-0.049019,-0.019757,-0.00103,-0.022002,-0.000939,-0.021158,0.003759,-0.010389,-0.01127
pg10556,-0.044408,-0.009216,0.031483,0.080572,-0.036293,-0.005101,0.022211,0.00108,0.018097,-0.001557,0.120961,-0.033137,-0.030737,-0.003816,-0.030264,-0.007392,-0.028999,-0.00975,-0.022052,-0.011684
pg11451,-0.032364,0.044843,0.07092,0.031875,-0.043145,-0.008147,0.047322,-0.016352,0.031821,-0.024774,-0.016511,0.008272,-0.010879,-0.006638,-0.017044,-0.006921,-0.016371,-0.01644,-0.013748,-0.005719
pg35247,-0.027321,-0.003739,0.057209,-0.047034,-0.071167,0.036707,0.032305,-0.018532,0.081157,0.065571,-0.011791,-0.004055,-0.01685,-0.008255,-0.013304,-0.010347,-0.015418,-0.001005,-0.01482,-0.009311
pg19369,-0.0412,0.012545,0.070561,0.058467,-0.048039,-0.019993,0.033857,-0.003592,0.099162,-0.045,-0.02009,-0.005693,-0.029143,0.003415,-0.01858,-0.000765,-0.023382,0.000135,-0.023146,0.000481
pg12239,-0.053446,0.0101,0.058221,0.058635,0.029212,0.002772,0.02648,-0.003421,0.111919,-0.035604,-0.033767,-0.00874,-0.038298,-0.004319,-0.031759,-0.001094,-0.033208,-0.010674,-0.035355,-0.007654
pg10041,0.000343,-0.000779,-0.000512,0.000047,0.000787,-0.000789,0.000878,-0.000879,0.002944,0.001284,-0.000614,0.000144,-0.002075,0.00088,-0.000826,0.000184,-0.000242,-0.000209,-0.000682,0.000117
pg11283,-0.001111,-0.001553,-0.002312,-0.00136,-0.002463,-0.001127,-0.00248,-0.002137,-0.002378,-0.000929,-0.002991,-0.000686,-0.002644,-0.001632,-0.002566,-0.001006,0.022581,0.000528,-0.003638,0.009902
pg13820,0.000547,-0.002281,-0.000812,-0.003007,-0.001179,-0.002452,-0.000932,-0.003355,0.000618,-0.002649,-0.000465,-0.0011,0.000367,-0.002043,0.014453,0.008345,-0.012359,0.010224,-0.000237,-0.001682
pg13821,0.007016,-0.000968,-0.001632,-0.001865,-0.000119,-0.000281,-0.000255,-0.00248,-0.002142,-0.001392,0.016204,-0.003375,-0.011222,-0.009081,-0.00336,0.00161,-0.004086,0.009374,-0.000403,0.008458
pg16259,-0.006101,-0.002027,-0.002245,-0.002674,-0.002722,-0.001626,-0.003157,-0.002444,-0.005198,-0.004143,0.018437,-0.002961,-0.002999,0.000523,0.000373,0.016766,0.001977,0.000447,0.001635,-0.001862
pg19467,-0.005733,0.000676,-0.003068,-0.005444,-0.002283,-0.005173,-0.001804,-0.003403,-0.005628,-0.005904,0.018449,-0.003092,-0.000703,0.000829,-0.000809,0.013843,0.001553,0.003031,0.000027,0.004637
pg19959,0.013185,0.001319,-0.001651,-0.003295,-0.005731,-0.005905,0.002296,-0.003422,-0.013876,0.022518,-0.00196,-0.003109,-0.007818,-0.002047,-0.00707,-0.006598,0.026268,0.006582,-0.003642,-0.006042
pg19976,-0.005991,-0.005868,-0.002567,-0.001177,0.001473,0.000496,-0.002468,-0.006701,0.023161,0.005678,-0.010169,0.011665,-0.00451,0.014341,-0.00521,-0.007922,0.005444,-0.007842,0.000836,-0.00267
pg288,-0.004695,-0.013166,-0.003659,0.002505,0.006242,-0.002727,0.027669,0.006206,-0.012858,0.015777,0.000583,-0.014513,-0.005895,-0.003941,-0.000176,0.004914,-0.004633,0.002752,-0.002578,0.002192
pg419,0.015149,-0.00012,-0.006081,-0.003457,0.013978,-0.001243,-0.013329,-0.012952,-0.008256,0.014821,0.026104,-0.000365,-0.0091,0.017874,-0.00962,-0.01024,-0.002671,-0.001451,-0.006174,-0.002868
pg7477,-0.017692,-0.001911,-0.003375,0.000116,0.008016,0.010255,0.025019,-0.006125,-0.005628,0.019757,-0.006741,-0.017194,-0.00318,-0.005639,0.001874,0.004936,0.002031,0.00185,-0.000324,-0.006047
pg7838,0.015975,-0.002897,0.001761,-0.005139,0.029451,0.000085,-0.011715,-0.016283,0.005262,0.017955,-0.010861,0.021066,-0.01554,0.001438,-0.003234,-0.006492,-0.000585,-0.010534,-0.010515,0.000802
pg8715,0.020879,0.002681,-0.006995,-0.012332,-0.019791,0.030473,-0.003151,-0.000008,-0.011148,0.001361,0.034352,0.009401,0.002115,-0.013633,-0.013604,-0.012946,-0.001731,-0.001435,-0.000926,-0.003561
pg9488,-0.02063,-0.015477,-0.006021,0.004753,0.033843,-0.016527,-0.006462,-0.019472,0.004498,0.006319,-0.005877,0.01417,0.006586,0.020912,0.007554,0.005436,-0.003045,0.002391,-0.010447,-0.002504
pg961,0.024977,-0.007022,0.008869,0.025135,-0.021797,0.003129,-0.007202,0.005073,-0.008968,-0.004979,-0.011691,0.012543,-0.013915,-0.024188,0.004506,-0.002979,-0.009952,-0.0016,0.035175,-0.005114
pg85,-0.000548,0.000007,-0.000611,-0.000125,0.00131,0.001394,-0.000957,-0.001086,0.000662,-0.000082,-0.000782,0.001088,0.000205,-0.000542,0.001609,-0.000935,0.00013,-0.000115,-0.001019,0.000396
pg106,0.000603,0.001011,-0.001366,-0.001167,-0.001839,-0.001055,0.001403,-0.001629,-0.001369,0.001978,-0.00203,-0.000982,0.002992,-0.000547,0.000905,-0.001118,0.000942,0.001986,-0.000242,0.001523
pg2225,0.001259,-0.001364,-0.002079,0.008009,0.009495,-0.003587,-0.001502,0.001429,0.000968,-0.001919,-0.007117,-0.007735,0.001269,0.000338,0.001455,0.002851,-0.003966,0.000866,0.000217,0.001113
pg560,0.004015,0.003714,-0.001883,-0.000264,-0.003444,-0.002529,-0.001687,-0.002079,-0.003309,0.004353,-0.000099,0.000937,0.000709,0.001471,-0.000766,-0.001,0.003247,-0.004227,0.003217,-0.000376
pg1947,-0.000776,0.001419,-0.002277,-0.000352,-0.002461,-0.000424,-0.001915,0.000752,-0.001091,0.000113,0.004447,-0.000115,0.001794,0.003247,-0.00012,-0.001016,0.000651,-0.00157,0.001749,-0.002054
pg2727,-0.001799,-0.003139,0.006326,0.001134,-0.00048,-0.000122,0.001858,-0.000615,-0.000012,0.000809,0.00015,0.000499,-0.004053,0.004661,0.000545,-0.000208,-0.000559,0.000878,-0.001975,-0.003896
pg11311,-0.002031,-0.000141,-0.000739,0.000094,0.00003,-0.000422,-0.003007,0.000646,0.003456,-0.002588,-0.000956,0.000034,0.000436,-0.00093,0.000391,0.000406,0.003724,0.002933,-0.001304,-0.000033
pg21692,0.011433,-0.003847,0.000039,-0.004443,-0.003841,-0.000902,-0.003976,-0.004053,-0.004937,-0.002313,-0.000994,0.002927,0.000527,0.007573,-0.001823,-0.000677,0.000991,0.002495,0.002582,0.00324
pg21756,0.016027,-0.001598,-0.00376,0.006589,-0.003189,-0.004203,-0.008426,-0.005192,0.001876,-0.006087,-0.000298,0.001511,-0.001037,-0.002529,0.002795,-0.00045,-0.000274,0.013999,-0.003713,-0.00204
pg23493,0.020453,0.007627,-0.007957,0.010507,-0.002722,0.004503,-0.00054,0.00236,0.000227,-0.005095,-0.000457,-0.003568,-0.001444,-0.009808,-0.008169,0.00843,0.000268,-0.006456,0.000341,-0.008498
pg21719,0.016389,0.019265,0.013505,-0.007429,0.000896,-0.004232,-0.000569,-0.005374,-0.006851,0.001239,0.003643,-0.009204,-0.012036,0.004156,-0.012242,0.00301,-0.008896,0.005113,0.006161,-0.006542
pg17677,0.026125,0.008671,0.000104,0.003309,0.006054,-0.012569,-0.004798,0.020017,0.001815,-0.002201,0.004414,-0.012317,-0.001939,-0.004137,-0.013031,-0.000063,-0.010898,0.003533,-0.007846,-0.004243
pg19592,0.026417,-0.008038,0.004836,0.001071,-0.00948,0.002679,-0.011245,0.017227,-0.006294,-0.016043,-0.008606,-0.012838,-0.013052,-0.006318,0.010569,0.005406,0.005544,0.012547,0.001312,0.004307
pg1078,0.036274,-0.005705,-0.003753,0.027473,0.009424,0.00679,-0.003667,-0.006748,-0.008322,-0.01396,-0.009549,-0.002988,-0.005343,0.001036,0.000195,-0.007977,-0.004086,0.015094,-0.011171,-0.013015
pg15348,-0.020214,0.034768,-0.000853,-0.008032,-0.017311,0.001341,0.016458,0.002134,0.02846,0.003496,-0.006602,-0.010231,-0.013861,-0.012827,0.021246,0.005989,-0.017491,-0.01378,0.010169,-0.002857
pg21823,0.032961,-0.01916,-0.00799,0.001361,-0.014352,-0.012446,-0.004207,0.005552,0.00734,0.006174,0.008475,0.013166,0.004836,0.003413,-0.003108,0.023227,-0.018887,-0.020119,-0.005068,-0.001168
pg646,0.037166,-0.0188,0.003048,-0.006136,-0.001372,0.000888,0.008023,0.021142,-0.002877,0.006893,0.006471,0.0088,-0.001084,0.013333,-0.020132,-0.017458,-0.02234,-0.007455,-0.006903,-0.001206
pg21713,-0.02093,0.024915,-0.010441,0.009641,0.007072,0.005567,-0.010546,-0.004649,-0.005446,-0.010571,-0.001974,-0.019846,0.031431,0.006271,-0.000326,-0.02404,0.025132,0.010476,-0.01397,0.002237
pg24086,0.03469,0.016149,0.000178,0.001146,0.000948,-0.017534,0.022455,-0.017196,-0.011321,0.000155,-0.010986,0.01759,-0.019796,0.005416,-0.009556,-0.015668,-0.004416,-0.007508,-0.002197,0.017448
pg21711,0.044974,-0.002469,0.003205,-0.003228,-0.00082,0.007026,-0.008795,-0.011247,-0.006721,-0.01789,-0.010133,-0.020052,-0.007703,0.02562,-0.002067,0.008965,-0.005954,0.0039,-0.005987,0.009374
pg21706,-0.029204,0.03305,0.012031,0.010612,0.003258,-0.007377,0.001178,-0.007545,-0.008276,-0.017954,0.032407,0.013131,0.000818,-0.017718,-0.012946,-0.004858,0.012368,0.009679,-0.011633,-0.01102
pg21202,0.030947,-0.022925,0.006597,0.008372,0.001953,-0.014239,-0.008661,0.003501,0.019432,0.001861,-0.028206,-0.024228,0.007853,0.010164,-0.000154,0.017308,-0.022036,-0.005005,-0.007725,0.025191
pg14876,-0.020485,0.035707,0.018912,0.010517,0.008313,-0.002313,0.003197,0.002772,-0.01178,-0.006418,-0.018824,-0.033795,-0.009288,-0.005243,0.013212,0.006474,-0.021219,0.000181,0.037962,-0.007882
pg24013,0.046095,0.005526,0.012332,-0.01251,-0.005752,-0.003083,-0.008363,0.00087,-0.00529,-0.015035,0.000679,0.03247,-0.006504,-0.002181,-0.005866,-0.018308,-0.007981,-0.008531,-0.01935,0.020782
pg5623,-0.019354,0.041189,-0.016453,-0.003642,-0.010301,0.009439,0.021265,0.001101,0.00666,-0.009718,-0.022695,-0.020997,0.008079,-0.007644,0.028547,0.004437,0.022972,0.001659,-0.018721,-0.015823
pg12532,-0.007149,0.048647,0.002655,0.001754,-0.006204,-0.008812,-0.008168,-0.017616,0.036206,-0.006556,-0.00939,-0.001496,0.009355,0.00377,-0.027956,0.004172,-0.021231,-0.022783,0.031883,-0.00108
pg21735,0.048819,0.020775,0.005687,0.003283,-0.004402,0.000687,-0.015121,-0.003922,-0.024783,0.034242,-0.006273,-0.008024,-0.004554,-0.020103,0.010301,-0.032325,-0.009925,0.00499,0.00025,0.000397
pg23380,0.052975,0.008363,-0.005224,-0.006343,-0.011236,0.012214,0.004112,-0.006485,0.002512,-0.017931,-0.00999,0.042101,0.010596,-0.021595,-0.026488,-0.016558,-0.009174,0.005548,-0.008083,0.000686
pg6357,0.061593,-0.002457,0.003789,-0.003963,-0.018633,-0.008464,-0.006406,0.030825,-0.005469,0.002403,-0.002885,-0.003873,-0.016313,-0.018054,-0.004896,0.004204,-0.006605,0.028174,-0.004176,-0.028796
pg5833,0.04876,0.034472,0.013661,0.001279,-0.011468,-0.008557,-0.029081,0.018931,0.00879,-0.012591,-0.008684,0.002078,-0.031275,0.004126,-0.01488,0.019309,0.017858,-0.028397,0.006321,-0.030651
pg21701,0.06155,-0.017156,-0.006302,-0.030805,0.005055,0.026847,-0.023202,-0.015662,-0.010297,0.01167,-0.012361,-0.005409,0.007929,0.042728,-0.013376,-0.002692,-0.011527,-0.004645,0.00253,-0.004875
pg11602,0.055038,-0.026183,0.006938,0.008576,0.003596,0.032326,-0.03695,-0.02744,-0.01668,0.013697,-0.007302,-0.028429,0.014432,0.021069,-0.017031,0.000067,-0.003783,0.007537,0.001743,-0.001219
pg21753,0.061334,0.010655,-0.0024,0.018283,-0.010722,-0.019151,0.016106,-0.012212,-0.021382,0.028541,-0.029136,-0.011528,-0.013602,0.0351,-0.005576,-0.026977,-0.00064,-0.017987,0.006019,-0.004723
pg53345,0.062405,0.011577,-0.000845,0.000874,-0.01151,-0.024715,-0.001054,-0.028961,-0.007457,0.003523,-0.034524,0.030829,-0.002186,0.036275,-0.006306,-0.022276,-0.001683,-0.003148,0.00316,-0.003979
pg23389,0.047311,0.035944,-0.004365,-0.005669,-0.002003,-0.005061,0.017375,-0.026755,-0.026012,0.025581,-0.014642,-0.019645,-0.015647,0.013624,-0.005365,-0.024982,-0.024893,0.019014,0.028242,-0.012051
pg21748,0.063957,0.000447,-0.001471,0.011255,-0.008203,-0.016493,-0.006433,-0.007094,-0.019796,0.026441,-0.011019,-0.014596,-0.013755,-0.012538,-0.000901,0.041159,-0.00121,-0.021215,-0.00117,-0.007365
pg21730,0.050463,-0.0064,-0.005638,0.018251,-0.008385,0.006896,0.017875,-0.017888,-0.042965,0.025216,-0.000778,0.008786,-0.016825,-0.016205,-0.007131,-0.020974,-0.016005,-0.030914,0.029389,0.033232
pg10724,0.055231,-0.003489,-0.001488,-0.017996,-0.018029,-0.001096,-0.036748,0.000202,0.000022,0.04977,-0.012928,-0.007968,0.0055,-0.03473,0.001199,0.007989,0.013362,0.01415,-0.006122,-0.006833
pg23262,0.065356,-0.015512,-0.024537,-0.019804,-0.012581,0.007847,0.008609,0.028041,-0.013606,0.016235,-0.006699,-0.018993,-0.014403,-0.009222,0.000914,-0.00957,-0.007977,-0.019495,0.004923,0.040472
pg5439,-0.002579,-0.001085,0.0168,0.007828,0.034426,-0.021976,0.00242,0.003469,0.014066,0.025666,-0.006644,-0.006499,-0.020464,-0.002324,-0.011853,-0.006945,-0.020266,-0.006324,-0.005908,0.00819
pg5440,0.003919,0.000499,0.002628,-0.0023,0.001212,0.008683,-0.002694,-0.00581,-0.002647,0.002646,0.003634,-0.004094,0.009548,-0.000113,-0.000025,-0.001298,-0.009234,-0.004207,-0.006341,0.005994
pg16720,-0.00476,0.001441,0.010165,0.00281,-0.002166,-0.001543,-0.001208,0.006355,-0.007296,-0.003006,-0.001425,0.005229,0.000475,0.000471,-0.000179,-0.001314,0.002012,-0.005681,0.004384,-0.004763
pg5441,0.003087,0.008597,-0.004669,-0.000246,0.001309,0.004762,-0.004478,0.001982,-0.00326,0.003245,0.004386,-0.001879,-0.006152,-0.00674,-0.002474,-0.001635,0.008209,-0.004571,0.004042,-0.003516
pg5446,-0.006921,-0.004133,-0.006643,-0.002782,0.002981,-0.00254,-0.004852,0.006328,0.002404,-0.001656,-0.002956,0.003465,0.00578,0.003314,0.005233,0.010492,0.010537,-0.008579,-0.005564,-0.003909
pg146,-0.003845,-0.000361,-0.000568,-0.000437,0.002261,0.001756,0.000977,0.000919,-0.000254,-0.00134,-0.005063,-0.000852,-0.002931,-0.000631,0.007493,-0.003745,-0.000987,-0.000352,0.002917,0.005043
pg18505,0.007409,-0.001274,-0.001212,0.001202,0.000836,0.003674,0.000233,0.000924,0.000822,0.001905,-0.001343,-0.003662,-0.002526,0.000495,-0.002061,-0.0002,-0.000376,-0.00249,-0.001782,-0.000575
pg24025,-0.000157,0.008127,0.009263,-0.000189,0.005155,0.000612,-0.004235,0.006287,-0.001273,-0.002362,0.001987,-0.002138,-0.003094,-0.000952,-0.002967,-0.00419,-0.00123,-0.002506,-0.003449,-0.002689
pg2788,0.009509,-0.002584,0.012992,-0.004582,-0.002573,-0.007957,-0.005231,0.000059,-0.001329,-0.001301,0.001423,-0.005135,-0.002745,0.001934,0.009098,0.015701,-0.012361,0.009523,-0.008785,-0.005656
pg3499,0.008378,-0.00587,0.015206,0.00614,0.00865,0.001058,0.007251,-0.003013,0.008481,-0.000056,-0.012623,-0.006865,-0.010018,0.010086,-0.009939,-0.007499,-0.009312,0.016866,-0.006075,-0.010847
pg18247,0.000026,0.001998,-0.007792,0.009226,0.009136,0.001391,-0.006885,-0.00439,0.001614,-0.001244,-0.004735,-0.00186,-0.000267,-0.007422,0.001224,0.000004,0.005536,0.004476,0.002143,-0.00218
pg53416,0.000898,-0.014229,0.00098,0.014528,0.006424,0.001436,0.00848,-0.007282,0.003295,0.00405,0.017308,0.002824,-0.011886,-0.001472,-0.011677,0.005329,-0.01157,-0.00235,-0.002252,-0.002834
pg23169,-0.011582,0.004898,-0.010154,0.002588,-0.000274,-0.010297,-0.00022,-0.01012,-0.009275,-0.010515,-0.010964,0.012411,0.012664,-0.001631,0.011352,0.007904,0.011082,0.003315,0.007371,0.001447
pg7401,-0.008264,0.00337,-0.014236,-0.013099,-0.003194,-0.000258,-0.007027,0.010075,-0.017703,-0.006286,0.013723,-0.007107,0.012232,0.004014,0.021505,-0.00664,0.00361,0.000377,-0.000647,0.015555
pg84,-0.019587,-0.005575,0.01085,0.002925,-0.002346,-0.011362,-0.002644,0.023797,0.006701,-0.004077,0.002005,-0.000735,0.023082,-0.002467,-0.004145,-0.013005,-0.00735,0.004958,-0.006568,0.00554
